<?xml version="1.0" encoding="UTF-8" standalone="yes"?>
<Customers>
    <Customer>
        <address>Aluche</address>
        <idCustomer>1</idCustomer>
        <name>Andre</name>
        <phone>600000000</phone>
    </Customer>
    <Customer>
        <address>Leganés</address>
        <idCustomer>2</idCustomer>
        <name>Jorge</name>
        <phone>600000001</phone>
    </Customer>
    <Customer>
        <address>Vallecas</address>
        <idCustomer>3</idCustomer>
        <name>Mario</name>
        <phone>600000002</phone>
    </Customer>
    <Customer>
        <address>Villaverde</address>
        <idCustomer>4</idCustomer>
        <name>Joseph</name>
        <phone>600000003</phone>
    </Customer>
    <Customer>
        <address>Canarias</address>
        <idCustomer>5</idCustomer>
        <name>Damián</name>
        <phone>600000004</phone>
    </Customer>
</Customers>
